<?xml version="1.0" encoding="UTF-8"?>
<project-private xmlns="http://www.netbeans.org/ns/project-private/1">
    <editor-bookmarks xmlns="http://www.netbeans.org/ns/editor-bookmarks/2" lastBookmarkId="0"/>
    <open-files xmlns="http://www.netbeans.org/ns/projectui-open-files/2">
        <group>
            <file>file:/C:/Users/hp/MPLABXProject/DIGITAL_TIMER.X/mode.c</file>
            <file>file:/C:/Users/hp/MPLABXProject/DIGITAL_TIMER.X/mkp_1.c</file>
            <file>file:/C:/Users/hp/MPLABXProject/DIGITAL_TIMER.X/main.c</file>
            <file>file:/C:/Users/hp/MPLABXProject/DIGITAL_TIMER.X/mode.h</file>
        </group>
    </open-files>
</project-private>
